SELECT USER
FROM DUAL;
--==>> HR

--■■■ 팀별 실습 과제 ■■■--

-- HR 샘플 스키마 ERD 를 이용한 테이블 재구성~!!!

-- 팀별로... HR 스키마에 있는 기본 테이블 (7개)
-- COUNTRIES / DEPARTMENTS / EMPLOYEES / JOBS / JOB_HISTORY	
-- / LOCATIONS / REGIONS
-- 을 똑같이 새로 구성한다.

-- 단, 생성하는 테이블 이름은 『테이블명+팀번호』
-- COUNTRIES03 / DEPARTMENTS03 / EMPLOYEES03 / JOBS03 / JOB_HISTORY03	
-- / LOCATIONS03 / REGIONS03
-- 과 같이 구성한다.

-- 1. 기존 테이블의 정보 수집
-- 2. 테이블 생성(컬럼 이름, 자료형, DEFAULT 표현식, NOT NULL 등...)
--    제약조건 설정(PK, UK, CK, ... NN)
-- 3. 작성 후 데이터 입력 
-- 4. 제출 항목 
--    - 20210406_03_HR_팀별실습과제_3조.sql
--    - 후기_3조.txt (후기는 팀원별로 쓰기)
-- 5. 제출 기한
--    금일 오후 17:40 까지

SELECT *
FROM EMPLOYEES;

SELECT *
FROM COUNTRIES;
--==>>
/*

CONTRY_ID   COUNTRY_NAME         REGION_ID
---------------------------------------------
AR	        Argentina	                2
AU	        Australia	                3
BE	        Belgium	                    1
BR	        Brazil	                    2
CA	        Canada	                    2
CH	        Switzerland	                1
CN	        China	                    3
DE	        Germany	                    1
DK	        Denmark	                    1
EG	        Egypt	                    4
FR	        France	                    1
IL	        Israel	                    4
IN	        India	                    3
IT	        Italy	                    1
JP	        Japan	                    3
KW	        Kuwait	                    4
ML	        Malaysia	                3
MX	        Mexico	                    2
NG	        Nigeria	                    4
NL	        Netherlands	                1
SG	        Singapore	                3
UK	        United Kingdom	            1
US	        United States of America	2
ZM	        Zambia	                    4
ZW	        Zimbabwe	                4
*/

SELECT *
FROM DEPARTMENTS;
--==>>
/*
DEPARTMENT_ID : P.K
                                                
DEPARTMENT_NAME : C

MANAGER_ID : F.K(부모테이블: EMPLOYEES - EMPLOYEE_ID)

LOCATION_ID : F.K (부모테이블 : LOCATIONS)
*/

SELECT *
FROM USER_CONSTRAINTS
WHERE TABLE_NAME = 'DEPARTMENTS';
--==>>
/*
HR	DEPT_NAME_NN	C	DEPARTMENTS	"DEPARTMENT_NAME" IS NOT NULL				ENABLED	NOT DEFERRABLE	IMMEDIATE	VALIDATED	USER NAME			14/05/29				
HR	DEPT_ID_PK	P	DEPARTMENTS					ENABLED	NOT DEFERRABLE	IMMEDIATE	VALIDATED	USER NAME			14/05/29	HR	DEPT_ID_PK		
HR	DEPT_LOC_FK	R	DEPARTMENTS		HR	LOC_ID_PK	NO ACTION	ENABLED	NOT DEFERRABLE	IMMEDIATE	VALIDATED	USER NAME			14/05/29				
HR	DEPT_MGR_FK	R	DEPARTMENTS		HR	EMP_EMP_ID_PK	NO ACTION	ENABLED	NOT DEFERRABLE	IMMEDIATE	VALIDATED	USER NAME			14/05/29				
*/

SELECT *
FROM JOBS;
-- JOB_ID, JOB_TITLE, MIN_SALARY, MAX_SALARY
--  =====  ==========

SELECT *
FROM JOB_HISTORY;

SELECT *
FROM REGIONS;

SELECT *
FROM LOCATIONS;


SELECT *
FROM USER_CONSTRAINTS
WHERE TABLE_NAME = 'EMPLOYEES';
/*
HR	EMP_LAST_NAME_NN	C	EMPLOYEES	"LAST_NAME" IS NOT NULL				ENABLED	NOT DEFERRABLE	IMMEDIATE	VALIDATED	USER NAME			14/05/29				
HR	EMP_EMAIL_NN	    C	EMPLOYEES	"EMAIL" IS NOT NULL				ENABLED	NOT DEFERRABLE	IMMEDIATE	VALIDATED	USER NAME			14/05/29				
HR	EMP_HIRE_DATE_NN	C	EMPLOYEES	"HIRE_DATE" IS NOT NULL				ENABLED	NOT DEFERRABLE	IMMEDIATE	VALIDATED	USER NAME			14/05/29				
HR	EMP_JOB_NN	        C	EMPLOYEES	"JOB_ID" IS NOT NULL				ENABLED	NOT DEFERRABLE	IMMEDIATE	VALIDATED	USER NAME			14/05/29				
HR	EMP_SALARY_MIN	    C	EMPLOYEES	salary > 0				ENABLED	NOT DEFERRABLE	IMMEDIATE	VALIDATED	USER NAME			14/05/29				
HR	EMP_EMAIL_UK	    U	EMPLOYEES					ENABLED	NOT DEFERRABLE	IMMEDIATE	VALIDATED	USER NAME			14/05/29	HR	EMP_EMAIL_UK		
HR	EMP_EMP_ID_PK	    P	EMPLOYEES					ENABLED	NOT DEFERRABLE	IMMEDIATE	VALIDATED	USER NAME			14/05/29	HR	EMP_EMP_ID_PK		
HR	EMP_DEPT_FK	        R	EMPLOYEES		HR	DEPT_ID_PK	NO ACTION	ENABLED	NOT DEFERRABLE	IMMEDIATE	VALIDATED	USER NAME			14/05/29				
HR	EMP_JOB_FK	        R	EMPLOYEES		HR	JOB_ID_PK	NO ACTION	ENABLED	NOT DEFERRABLE	IMMEDIATE	VALIDATED	USER NAME			14/05/29				
HR	EMP_MANAGER_FK	    R	EMPLOYEES		HR	EMP_EMP_ID_PK	NO ACTION	ENABLED	NOT DEFERRABLE	IMMEDIATE	VALIDATED	USER NAME			14/05/29				
*/

--USER_CONS_COLUMNS

SELECT *
FROM USER_CONSTRAINTS
WHERE TABLE_NAME = 'DEPARTMENTS';
--==>>
/*
HR	DEPT_NAME_NN	C	DEPARTMENTS	"DEPARTMENT_NAME" IS NOT NULL				ENABLED	NOT DEFERRABLE	IMMEDIATE	VALIDATED	USER NAME			14/05/29				
HR	DEPT_ID_PK	P	DEPARTMENTS					ENABLED	NOT DEFERRABLE	IMMEDIATE	VALIDATED	USER NAME			14/05/29	HR	DEPT_ID_PK		
HR	DEPT_LOC_FK	R	DEPARTMENTS		HR	LOC_ID_PK	NO ACTION	ENABLED	NOT DEFERRABLE	IMMEDIATE	VALIDATED	USER NAME			14/05/29				
HR	DEPT_MGR_FK	R	DEPARTMENTS		HR	EMP_EMP_ID_PK	NO ACTION	ENABLED	NOT DEFERRABLE	IMMEDIATE	VALIDATED	USER NAME			14/05/29				
*/

SELECT *
FROM USER_CONSTRAINTS
WHERE TABLE_NAME = 'JOBS';

CREATE TABLE JOBS03
( JOB_ID        VARCHAR2(10)
, JOB_TITLE     VARCHAR2(35)    NOT NULL
, MIN_SALARY    NUMBER(6)
, MAX_SALARY    NUMBER(6)
, CONSTRAINT JOB_ID_PK PRIMARY KEY(JOB_ID)
);

DESC JOBS;

SELECT *
FROM JOBS;
-- JOB_ID, JOB_TITLE, MIN_SALARY, MAX_SALARY
--  =====  ==========

---------------------------------------


CREATE TABLE JOBS03
( JOB_ID        VARCHAR2(10)
, JOB_TITLE     VARCHAR2(35)  CONSTRAINT JOBS03_JOB_TITLE_NN NOT NULL
, MIN_SALARY    NUMBER(6)
, MAX_SALARY    NUMBER(6)
, CONSTRAINT JOBS03_JOB_ID_PK PRIMARY KEY(JOB_ID)
);
--==>> Table JOBS03이(가) 생성되었습니다.

-- JOBS03 테이블에 데이터 입력
INSERT INTO JOBS03(JOB_ID, JOB_TITLE, MIN_SALARY, MAX_SALARY) 
VALUES ('AD_PRES','President', 20080, 40000);

INSERT INTO JOBS03(JOB_ID, JOB_TITLE, MIN_SALARY, MAX_SALARY) 
VALUES ('AD_VP','Administration Vice President', 15000, 30000);

INSERT INTO JOBS03(JOB_ID, JOB_TITLE, MIN_SALARY, MAX_SALARY) 
VALUES ('AD_ASST','Administration Assistant', 3000, 6000);

INSERT INTO JOBS03(JOB_ID, JOB_TITLE, MIN_SALARY, MAX_SALARY) 
VALUES ('FI_MGR','Finance Manager', 8200, 16000);

INSERT INTO JOBS03(JOB_ID, JOB_TITLE, MIN_SALARY, MAX_SALARY) 
VALUES ('FI_ACCOUNT','Accountant', 4200, 9000);

INSERT INTO JOBS03(JOB_ID, JOB_TITLE, MIN_SALARY, MAX_SALARY) 
VALUES ('AC_MGR','Accounting Manager', 8200, 16000);

INSERT INTO JOBS03(JOB_ID, JOB_TITLE, MIN_SALARY, MAX_SALARY) 
VALUES ('AC_ACCOUNT','Public Accountant', 4200, 9000);

INSERT INTO JOBS03(JOB_ID, JOB_TITLE, MIN_SALARY, MAX_SALARY) 
VALUES ('SA_MAN','Sales Manager', 10000, 20080);
INSERT INTO JOBS03(JOB_ID, JOB_TITLE, MIN_SALARY, MAX_SALARY) 
VALUES ('SA_REP','Sales Representative', 6000, 12008);

INSERT INTO JOBS03(JOB_ID, JOB_TITLE, MIN_SALARY, MAX_SALARY) 
VALUES ('PU_MAN','Purchasing Manager', 8000, 15000);

INSERT INTO JOBS03(JOB_ID, JOB_TITLE, MIN_SALARY, MAX_SALARY) 
VALUES ('PU_CLERK','Purchasing Clerk', 2500, 5500);

INSERT INTO JOBS03(JOB_ID, JOB_TITLE, MIN_SALARY, MAX_SALARY) 
VALUES ('ST_MAN','Stock Manager', 5500, 8500);

INSERT INTO JOBS03(JOB_ID, JOB_TITLE, MIN_SALARY, MAX_SALARY) 
VALUES ('ST_CLERK','Stock Clerk', 2008, 5000);

INSERT INTO JOBS03(JOB_ID, JOB_TITLE, MIN_SALARY, MAX_SALARY) 
VALUES ('SH_CLERK','Shipping Clerk', 2500, 5500);

INSERT INTO JOBS03(JOB_ID, JOB_TITLE, MIN_SALARY, MAX_SALARY) 
VALUES ('IT_PROG','Programmer', 4000, 10000);

INSERT INTO JOBS03(JOB_ID, JOB_TITLE, MIN_SALARY, MAX_SALARY) 
VALUES ('MK_MAN','Marketing Manager', 9000, 15000);

INSERT INTO JOBS03(JOB_ID, JOB_TITLE, MIN_SALARY, MAX_SALARY) 
VALUES ('MK_REP','Marketing Representative', 4000, 9000);

INSERT INTO JOBS03(JOB_ID, JOB_TITLE, MIN_SALARY, MAX_SALARY) 
VALUES ('HR_REP','Human Resources Representative', 4000, 9000);

INSERT INTO JOBS03(JOB_ID, JOB_TITLE, MIN_SALARY, MAX_SALARY) 
VALUES ('PR_REP','Public Relations Representative', 4500, 10500);
--==>> 1 행 이(가) 삽입되었습니다. * 19


CREATE TABLE REGIONS03
( REGION_ID       NUMBER   CONSTRAINT REGIONS03_REGION_ID_NN NOT NULL
, REGION_NAME     VARCHAR2(25)
, CONSTRAINT REGIONS03_REG_ID_PK PRIMARY KEY(REGION_ID)
);
--==>> Table REGIONS03이(가) 생성되었습니다.
-- REGIONS03 데이터 입력
INSERT INTO REGIONS03(REGION_ID, REGION_NAME)
VALUES(1, 'Europe');

INSERT INTO REGIONS03(REGION_ID, REGION_NAME)
VALUES(2, 'Americas');

INSERT INTO REGIONS03(REGION_ID, REGION_NAME)
VALUES(3, 'Asia');

INSERT INTO REGIONS03(REGION_ID, REGION_NAME)
VALUES(4, 'Middle East and Africa');
--> 1 행 이(가) 삽입되었습니다. * 4



--LOCATION 구조 만들기

SELECT *
FROM LOCATIONS;

--컬럼 
/*
LOCATION_ID -- P.K
STREET_ADDRESS
POSTAL_CODE
CITY        -- C 
STATE_PROVINCE
COUNTRY_ID -- COUNTRY 테이블(부모) 참조
*/

SELECT *
FROM VIEW_CONSTCHECK
WHERE TABLE_NAME = 'DEPARTMENTS';

SELECT *
FROM VIEW_CONSTCHECK
WHERE TABLE_NAME = 'LOCATIONS';
--==>>
/*
HR	LOC_CITY_NN	LOCATIONS	C	CITY	        "CITY" IS NOT NULL	
HR	LOC_ID_PK	LOCATIONS	P	LOCATION_ID		
HR	LOC_C_ID_FK	LOCATIONS	R	COUNTRY_ID		NO ACTION
*/

DESC LOCATIONS;
--==>>
/*
이름             널?       유형           
-------------- -------- ------------ 
LOCATION_ID    NOT NULL NUMBER(4)    
STREET_ADDRESS          VARCHAR2(40) 
POSTAL_CODE             VARCHAR2(12) 
CITY           NOT NULL VARCHAR2(30) 
STATE_PROVINCE          VARCHAR2(25) 
COUNTRY_ID              CHAR(2)      
*/


--부모테이블 COUNTRIES03 생성
CREATE TABLE COUNTRIES03
( COUNTRY_ID    CHAR(2)                CONSTRAINT COU03_COUNTRY_ID_NN NOT NULL
, COUNTRY_NAME  VARCHAR2(40)
, REGION_ID     NUMBER                 CONSTRAINT COU03_COUNTR_REG_FK REFERENCES REGIONS03(REGION_ID)
, CONSTRAINT COU03_COUNTRY_C_ID_PK PRIMARY KEY(COUNTRY_ID)
);
--==>> Table COUNTRIES03이(가) 생성되었습니다.

INSERT INTO COUNTRIES03(COUNTRY_ID, COUNTRY_NAME, REGION_ID) 
VALUES('AR', 'Argentina', 2);
INSERT INTO COUNTRIES03(COUNTRY_ID, COUNTRY_NAME, REGION_ID) 
VALUES('AU', 'Australia', 3);
INSERT INTO COUNTRIES03(COUNTRY_ID, COUNTRY_NAME, REGION_ID) 
VALUES('BE', 'Belgium', 1);
INSERT INTO COUNTRIES03(COUNTRY_ID, COUNTRY_NAME, REGION_ID) 
VALUES('BR', 'Brazil', 2);
INSERT INTO COUNTRIES03(COUNTRY_ID, COUNTRY_NAME, REGION_ID) 
VALUES('CA', 'Canada', 2);
INSERT INTO COUNTRIES03(COUNTRY_ID, COUNTRY_NAME, REGION_ID) 
VALUES('CH', 'Switzerland', 1);
INSERT INTO COUNTRIES03(COUNTRY_ID, COUNTRY_NAME, REGION_ID) 
VALUES('CN', 'China', 3);
INSERT INTO COUNTRIES03(COUNTRY_ID, COUNTRY_NAME, REGION_ID) 
VALUES('DE', 'Germany', 1);
INSERT INTO COUNTRIES03(COUNTRY_ID, COUNTRY_NAME, REGION_ID) 
VALUES('DK', 'Denmark', 1);
INSERT INTO COUNTRIES03(COUNTRY_ID, COUNTRY_NAME, REGION_ID) 
VALUES('EG', 'Egypt', 4);
INSERT INTO COUNTRIES03(COUNTRY_ID, COUNTRY_NAME, REGION_ID) 
VALUES('FR', 'France', 1);
INSERT INTO COUNTRIES03(COUNTRY_ID, COUNTRY_NAME, REGION_ID) 
VALUES('IL', 'Israel', 4);
INSERT INTO COUNTRIES03(COUNTRY_ID, COUNTRY_NAME, REGION_ID) 
VALUES('IN', 'India', 3);
INSERT INTO COUNTRIES03(COUNTRY_ID, COUNTRY_NAME, REGION_ID) 
VALUES('IT', 'Italy', 1);
INSERT INTO COUNTRIES03(COUNTRY_ID, COUNTRY_NAME, REGION_ID) 
VALUES('JP', 'Japan', 3);
INSERT INTO COUNTRIES03(COUNTRY_ID, COUNTRY_NAME, REGION_ID) 
VALUES('KW', 'Kuwait', 4);
INSERT INTO COUNTRIES03(COUNTRY_ID, COUNTRY_NAME, REGION_ID) 
VALUES('ML', 'Malaysia', 3);
INSERT INTO COUNTRIES03(COUNTRY_ID, COUNTRY_NAME, REGION_ID) 
VALUES('MX', 'Mexico', 2);
INSERT INTO COUNTRIES03(COUNTRY_ID, COUNTRY_NAME, REGION_ID) 
VALUES('NG', 'Nigeria', 4);
INSERT INTO COUNTRIES03(COUNTRY_ID, COUNTRY_NAME, REGION_ID) 
VALUES('NL', 'Netherlands', 1);
INSERT INTO COUNTRIES03(COUNTRY_ID, COUNTRY_NAME, REGION_ID) 
VALUES('SG', 'Singapore', 3);
INSERT INTO COUNTRIES03(COUNTRY_ID, COUNTRY_NAME, REGION_ID) 
VALUES('UK', 'United Kingdom', 1);
INSERT INTO COUNTRIES03(COUNTRY_ID, COUNTRY_NAME, REGION_ID) 
VALUES('US', 'United States of America', 2);
INSERT INTO COUNTRIES03(COUNTRY_ID, COUNTRY_NAME, REGION_ID) 
VALUES('ZM', 'Zambia', 4);
INSERT INTO COUNTRIES03(COUNTRY_ID, COUNTRY_NAME, REGION_ID) 
VALUES('ZW', 'Zimbabwe', 4);
-- 데이터 입력 완료 


CREATE TABLE LOCATIONS03
( LOCATION_ID         NUMBER(4)
, STREET_ADDRESS      VARCHAR2(40)
, POSTAL_CODE         VARCHAR2(12)
, CITY                VARCHAR2(30) CONSTRAINT LOC03_LOC_CITY_NN NOT NULL
, STATE_PROVINCE      VARCHAR2(25) 
, COUNTRY_ID          CHAR(2) -- COUNTRY 테이블(부모) 참조
, CONSTRAINT LOC03_LOC_ID_PK PRIMARY KEY(LOCATION_ID)
, CONSTRAINT LOC03_LOC_C_ID_FK FOREIGN KEY(COUNTRY_ID)
             REFERENCES COUNTRIES03(COUNTRY_ID)
);


CREATE SEQUENCE LOCATIONS03_SEQ --시퀀스이름 EX_SEQ
INCREMENT BY 100 --증감숫자 1
START WITH 1000 --시작숫자 1
MINVALUE 1000 --최소값 1
MAXVALUE 9999999999999999999999999999 --최대값 1000
NOCACHE;
--==>> Sequence LOCATIONS03_SEQ이(가) 생성되었습니다.

INSERT INTO LOCATIONS03(LOCATION_ID, STREET_ADDRESS, POSTAL_CODE, CITY, STATE_PROVINCE, COUNTRY_ID)
VALUES ( LOCATIONS03_SEQ.NEXTVAL,'1297 Via Cola di Rie','989','Roma', NULL, 'IT');

INSERT INTO LOCATIONS03(LOCATION_ID, STREET_ADDRESS, POSTAL_CODE, CITY, STATE_PROVINCE, COUNTRY_ID)
VALUES ( LOCATIONS03_SEQ.NEXTVAL,'93091 Calle della Testa','10934','Venice', NULL, 'IT');

INSERT INTO LOCATIONS03(LOCATION_ID, STREET_ADDRESS, POSTAL_CODE, CITY, STATE_PROVINCE, COUNTRY_ID)
VALUES ( LOCATIONS03_SEQ.NEXTVAL,'2017 Shinjuku-ku','1689','Tokyo','Tokyo Prefecture','JP');

INSERT INTO LOCATIONS03(LOCATION_ID, STREET_ADDRESS, POSTAL_CODE, CITY, STATE_PROVINCE, COUNTRY_ID)
VALUES ( LOCATIONS03_SEQ.NEXTVAL,'9450 Kamiya-cho','6823','Hiroshima',NULL,'JP');

INSERT INTO LOCATIONS03(LOCATION_ID, STREET_ADDRESS, POSTAL_CODE, CITY, STATE_PROVINCE, COUNTRY_ID)
VALUES ( LOCATIONS03_SEQ.NEXTVAL,'2014 Jabberwocky Rd','26192','Southlake','Texas','US');

INSERT INTO LOCATIONS03(LOCATION_ID, STREET_ADDRESS, POSTAL_CODE, CITY, STATE_PROVINCE, COUNTRY_ID)
VALUES ( LOCATIONS03_SEQ.NEXTVAL,'2011 Interiors Blvd','99236','South San Francisco','California','US');

INSERT INTO LOCATIONS03(LOCATION_ID, STREET_ADDRESS, POSTAL_CODE, CITY, STATE_PROVINCE, COUNTRY_ID)
VALUES ( LOCATIONS03_SEQ.NEXTVAL,'2007 Zagora St','50090','South Brunswick','New Jersey','US');

INSERT INTO LOCATIONS03(LOCATION_ID, STREET_ADDRESS, POSTAL_CODE, CITY, STATE_PROVINCE, COUNTRY_ID)
VALUES ( LOCATIONS03_SEQ.NEXTVAL,'2004 Charade Rd','98199','Seattle','Washington','US');

INSERT INTO LOCATIONS03(LOCATION_ID, STREET_ADDRESS, POSTAL_CODE, CITY, STATE_PROVINCE, COUNTRY_ID)
VALUES ( LOCATIONS03_SEQ.NEXTVAL,'147 Spadina Ave','M5V 2L7','Toronto','Ontario','CA');

INSERT INTO LOCATIONS03(LOCATION_ID, STREET_ADDRESS, POSTAL_CODE, CITY, STATE_PROVINCE, COUNTRY_ID)
VALUES ( LOCATIONS03_SEQ.NEXTVAL,'6092 Boxwood St','YSW 9T2','Whitehorse','Yukon','CA
');

INSERT INTO LOCATIONS03(LOCATION_ID, STREET_ADDRESS, POSTAL_CODE, CITY, STATE_PROVINCE, COUNTRY_ID)
VALUES ( LOCATIONS03_SEQ.NEXTVAL,'40-5-12 Laogianggen','190518','Beijing',NULL,'CN');

INSERT INTO LOCATIONS03(LOCATION_ID, STREET_ADDRESS, POSTAL_CODE, CITY, STATE_PROVINCE, COUNTRY_ID)
VALUES ( LOCATIONS03_SEQ.NEXTVAL,'1298 Vileparle (E)','490231','Bombay','Maharashtra','IN');

INSERT INTO LOCATIONS03(LOCATION_ID, STREET_ADDRESS, POSTAL_CODE, CITY, STATE_PROVINCE, COUNTRY_ID)
VALUES ( LOCATIONS03_SEQ.NEXTVAL,'12-98 Victoria Street','2901','Sydney','New South Wales','AU');

INSERT INTO LOCATIONS03(LOCATION_ID, STREET_ADDRESS, POSTAL_CODE, CITY, STATE_PROVINCE, COUNTRY_ID)
VALUES ( LOCATIONS03_SEQ.NEXTVAL,'198 Clementi North','540198','Singapore', NULL, 'SG');

INSERT INTO LOCATIONS03(LOCATION_ID, STREET_ADDRESS, POSTAL_CODE, CITY, STATE_PROVINCE, COUNTRY_ID)
VALUES ( LOCATIONS03_SEQ.NEXTVAL,'8204 Arthur St',NULL,'London',NULL,'UK');

INSERT INTO LOCATIONS03(LOCATION_ID, STREET_ADDRESS, POSTAL_CODE, CITY, STATE_PROVINCE, COUNTRY_ID)
VALUES ( LOCATIONS03_SEQ.NEXTVAL,'Magdalen Centre, The Oxford Science Park','OX9 9ZB','Oxford','Oxford','UK');

INSERT INTO LOCATIONS03(LOCATION_ID, STREET_ADDRESS, POSTAL_CODE, CITY, STATE_PROVINCE, COUNTRY_ID)
VALUES ( LOCATIONS03_SEQ.NEXTVAL,'9702 Chester Road','9629850293','Stretford','Manchester','UK');

INSERT INTO LOCATIONS03(LOCATION_ID, STREET_ADDRESS, POSTAL_CODE, CITY, STATE_PROVINCE, COUNTRY_ID)
VALUES ( LOCATIONS03_SEQ.NEXTVAL,'Schwanthalerstr. 7031','80925','Munich','Bavaria','DE');

INSERT INTO LOCATIONS03(LOCATION_ID, STREET_ADDRESS, POSTAL_CODE, CITY, STATE_PROVINCE, COUNTRY_ID)
VALUES ( LOCATIONS03_SEQ.NEXTVAL,'Rua Frei Caneca 1360 ','01307-002','Sao Paulo','Sao Paulo','BR');

INSERT INTO LOCATIONS03(LOCATION_ID, STREET_ADDRESS, POSTAL_CODE, CITY, STATE_PROVINCE, COUNTRY_ID)
VALUES ( LOCATIONS03_SEQ.NEXTVAL,'20 Rue des Corps-Saints','1730','Geneva','Geneve','CH');

INSERT INTO LOCATIONS03(LOCATION_ID, STREET_ADDRESS, POSTAL_CODE, CITY, STATE_PROVINCE, COUNTRY_ID)
VALUES ( LOCATIONS03_SEQ.NEXTVAL,'Murtenstrasse 921','3095','Bern','BE','CH');

INSERT INTO LOCATIONS03(LOCATION_ID, STREET_ADDRESS, POSTAL_CODE, CITY, STATE_PROVINCE, COUNTRY_ID)
VALUES ( LOCATIONS03_SEQ.NEXTVAL,'Pieter Breughelstraat 837','3029SK','Utrecht','Utrecht','NL');
INSERT INTO LOCATIONS03(LOCATION_ID, STREET_ADDRESS, POSTAL_CODE, CITY, STATE_PROVINCE, COUNTRY_ID)
VALUES ( LOCATIONS03_SEQ.NEXTVAL,'Mariano Escobedo 9991','11932','Mexico City','Distrito Federal','MX');


SELECT *
FROM LOCATIONS03;
--> 데이터 확인
SELECT *
FROM COUNTRIES03;
--> 데이터 확인

SELECT *
FROM REGIONS03;
--> 데이터 확인


COMMIT;
--==>> 커밋 완료.

--EMPLOYEES03 테이블 EMPLOYEE_ID  180~206 데이터 넣기
ALTER SESSION SET NLS_DATE_FORMAT = 'YYYY-MM-DD';
--==>> Session이(가) 변경되었습니다.

SELECT *
FROM EMPLOYEES;

--EMPLOYEES03 테이블 EMPLOYEE_ID  180~206 데이터 넣기
INSERT INTO EMPLOYEES03 
(EMPLOYEE_ID, FIRST_NAME, LAST_NAME, EMAIL, PHONE_NUMBER, HIRE_DATE, JOB_ID, SALARY, COMMISSION_PCT, MANAGER_ID, DEPARTMENT_ID)
VALUES
(EMPLOYEES03_SEQ.NEXTVAL, 'Winston', 'Taylor', 'WTAYLOR', '650.507.9876', TO_DATE('2006-01-24','YYYY-MM-DD'), 'SH_CLERK', 3200, NULL, 120, 50);

INSERT INTO EMPLOYEES03 
(EMPLOYEE_ID, FIRST_NAME, LAST_NAME, EMAIL, PHONE_NUMBER, HIRE_DATE, JOB_ID, SALARY, COMMISSION_PCT, MANAGER_ID, DEPARTMENT_ID)
VALUES
(EMPLOYEES03_SEQ.NEXTVAL, 'Jean', 'Fleaur', 'JFLEAUR', '650.507.9877', TO_DATE('2006-02-23','YYYY-MM-DD'), 'SH_CLERK', 3100, NULL, 120, 50);

INSERT INTO EMPLOYEES03 
(EMPLOYEE_ID, FIRST_NAME, LAST_NAME, EMAIL, PHONE_NUMBER, HIRE_DATE, JOB_ID, SALARY, COMMISSION_PCT, MANAGER_ID, DEPARTMENT_ID)
VALUES
(EMPLOYEES03_SEQ.NEXTVAL, 'Martha', 'Sullivan', 'MSULLIVA', 'MSULLIVA', TO_DATE('MSULLIVA','YYYY-MM-DD'), 'SH_CLERK', 2500, NULL, 120, 50);

INSERT INTO EMPLOYEES03 
(EMPLOYEE_ID, FIRST_NAME, LAST_NAME, EMAIL, PHONE_NUMBER, HIRE_DATE, JOB_ID, SALARY, COMMISSION_PCT, MANAGER_ID, DEPARTMENT_ID)
VALUES
(EMPLOYEES03_SEQ.NEXTVAL, 'Girard', 'Geoni', 'GGEONI', '650.507.9879', TO_DATE('2008-02-03','YYYY-MM-DD'), 'SH_CLERK', 2800, NULL, 120, 50);

INSERT INTO EMPLOYEES03 
(EMPLOYEE_ID, FIRST_NAME, LAST_NAME, EMAIL, PHONE_NUMBER, HIRE_DATE, JOB_ID, SALARY, COMMISSION_PCT, MANAGER_ID, DEPARTMENT_ID)
VALUES
(EMPLOYEES03_SEQ.NEXTVAL, 'Nandita', 'Sarchand', 'NSARCHAN', '650.509.1876', TO_DATE('','YYYY-MM-DD'), '', , , , );

INSERT INTO EMPLOYEES03 
(EMPLOYEE_ID, FIRST_NAME, LAST_NAME, EMAIL, PHONE_NUMBER, HIRE_DATE, JOB_ID, SALARY, COMMISSION_PCT, MANAGER_ID, DEPARTMENT_ID)
VALUES
(EMPLOYEES03_SEQ.NEXTVAL, 'Alexis', 'Bull', 'ABULL', '650.509.2876', TO_DATE('','YYYY-MM-DD'), '', , , , );

INSERT INTO EMPLOYEES03 
(EMPLOYEE_ID, FIRST_NAME, LAST_NAME, EMAIL, PHONE_NUMBER, HIRE_DATE, JOB_ID, SALARY, COMMISSION_PCT, MANAGER_ID, DEPARTMENT_ID)
VALUES
(EMPLOYEES03_SEQ.NEXTVAL, 'Julia', 'Dellinger', 'JDELLING', '650.509.3876', TO_DATE('','YYYY-MM-DD'), '', , , , );

INSERT INTO EMPLOYEES03 
(EMPLOYEE_ID, FIRST_NAME, LAST_NAME, EMAIL, PHONE_NUMBER, HIRE_DATE, JOB_ID, SALARY, COMMISSION_PCT, MANAGER_ID, DEPARTMENT_ID)
VALUES
(EMPLOYEES03_SEQ.NEXTVAL, 'Anthony', 'Cabrio', 'ACABRIO', '650.509.4876', TO_DATE('','YYYY-MM-DD'), '', , , , );

INSERT INTO EMPLOYEES03 
(EMPLOYEE_ID, FIRST_NAME, LAST_NAME, EMAIL, PHONE_NUMBER, HIRE_DATE, JOB_ID, SALARY, COMMISSION_PCT, MANAGER_ID, DEPARTMENT_ID)
VALUES
(EMPLOYEES03_SEQ.NEXTVAL, 'Kelly', 'Chung', 'KCHUNG', '650.505.1876', TO_DATE('','YYYY-MM-DD'), '', , , , );

INSERT INTO EMPLOYEES03 
(EMPLOYEE_ID, FIRST_NAME, LAST_NAME, EMAIL, PHONE_NUMBER, HIRE_DATE, JOB_ID, SALARY, COMMISSION_PCT, MANAGER_ID, DEPARTMENT_ID)
VALUES
(EMPLOYEES03_SEQ.NEXTVAL, 'Jennifer', 'Dilly', 'JDILLY', '650.505.2876', TO_DATE('','YYYY-MM-DD'), '', , , , );

INSERT INTO EMPLOYEES03 
(EMPLOYEE_ID, FIRST_NAME, LAST_NAME, EMAIL, PHONE_NUMBER, HIRE_DATE, JOB_ID, SALARY, COMMISSION_PCT, MANAGER_ID, DEPARTMENT_ID)
VALUES
(EMPLOYEES03_SEQ.NEXTVAL, 'Timothy', 'Gates', 'TGATES', '650.505.3876', TO_DATE('','YYYY-MM-DD'), '', , , , );

INSERT INTO EMPLOYEES03 
(EMPLOYEE_ID, FIRST_NAME, LAST_NAME, EMAIL, PHONE_NUMBER, HIRE_DATE, JOB_ID, SALARY, COMMISSION_PCT, MANAGER_ID, DEPARTMENT_ID)
VALUES
(EMPLOYEES03_SEQ.NEXTVAL, 'Randall', 'Perkins', 'RPERKINS', '650.505.4876', TO_DATE('','YYYY-MM-DD'), '', , , , );

INSERT INTO EMPLOYEES03 
(EMPLOYEE_ID, FIRST_NAME, LAST_NAME, EMAIL, PHONE_NUMBER, HIRE_DATE, JOB_ID, SALARY, COMMISSION_PCT, MANAGER_ID, DEPARTMENT_ID)
VALUES
(EMPLOYEES03_SEQ.NEXTVAL, 'Sarah', 'Bell', 'SBELL', '650.501.1876', TO_DATE('','YYYY-MM-DD'), '', , , , );

INSERT INTO EMPLOYEES03 
(EMPLOYEE_ID, FIRST_NAME, LAST_NAME, EMAIL, PHONE_NUMBER, HIRE_DATE, JOB_ID, SALARY, COMMISSION_PCT, MANAGER_ID, DEPARTMENT_ID)
VALUES
(EMPLOYEES03_SEQ.NEXTVAL, 'Britney', 'Everett', 'BEVERETT', '650.501.2876', TO_DATE('','YYYY-MM-DD'), '', , , , );

INSERT INTO EMPLOYEES03 
(EMPLOYEE_ID, FIRST_NAME, LAST_NAME, EMAIL, PHONE_NUMBER, HIRE_DATE, JOB_ID, SALARY, COMMISSION_PCT, MANAGER_ID, DEPARTMENT_ID)
VALUES
(EMPLOYEES03_SEQ.NEXTVAL, 'Samuel', 'McCain', 'SMCCAIN', '650.501.3876', TO_DATE('','YYYY-MM-DD'), '', , , , );

INSERT INTO EMPLOYEES03 
(EMPLOYEE_ID, FIRST_NAME, LAST_NAME, EMAIL, PHONE_NUMBER, HIRE_DATE, JOB_ID, SALARY, COMMISSION_PCT, MANAGER_ID, DEPARTMENT_ID)
VALUES
(EMPLOYEES03_SEQ.NEXTVAL, 'Vance', 'Jones', 'VJONES', '650.501.4876', TO_DATE('','YYYY-MM-DD'), '', , , , );

INSERT INTO EMPLOYEES03 
(EMPLOYEE_ID, FIRST_NAME, LAST_NAME, EMAIL, PHONE_NUMBER, HIRE_DATE, JOB_ID, SALARY, COMMISSION_PCT, MANAGER_ID, DEPARTMENT_ID)
VALUES
(EMPLOYEES03_SEQ.NEXTVAL, 'Alana', 'Walsh', 'AWALSH', '650.507.9811', TO_DATE('','YYYY-MM-DD'), '', , , , );

INSERT INTO EMPLOYEES03 
(EMPLOYEE_ID, FIRST_NAME, LAST_NAME, EMAIL, PHONE_NUMBER, HIRE_DATE, JOB_ID, SALARY, COMMISSION_PCT, MANAGER_ID, DEPARTMENT_ID)
VALUES
(EMPLOYEES03_SEQ.NEXTVAL, 'Kevin', 'Feeney', 'KFEENEY', '650.507.9822', TO_DATE('','YYYY-MM-DD'), '', , , , );

INSERT INTO EMPLOYEES03 
(EMPLOYEE_ID, FIRST_NAME, LAST_NAME, EMAIL, PHONE_NUMBER, HIRE_DATE, JOB_ID, SALARY, COMMISSION_PCT, MANAGER_ID, DEPARTMENT_ID)
VALUES
(EMPLOYEES03_SEQ.NEXTVAL, 'Donald', 'OConnell', 'DOCONNEL', '650.507.9833', TO_DATE('','YYYY-MM-DD'), '', , , , );

INSERT INTO EMPLOYEES03 
(EMPLOYEE_ID, FIRST_NAME, LAST_NAME, EMAIL, PHONE_NUMBER, HIRE_DATE, JOB_ID, SALARY, COMMISSION_PCT, MANAGER_ID, DEPARTMENT_ID)
VALUES
(EMPLOYEES03_SEQ.NEXTVAL, 'Douglas', 'Grant', 'DGRANT', '', TO_DATE('','YYYY-MM-DD'), '', , , , );

INSERT INTO EMPLOYEES03 
(EMPLOYEE_ID, FIRST_NAME, LAST_NAME, EMAIL, PHONE_NUMBER, HIRE_DATE, JOB_ID, SALARY, COMMISSION_PCT, MANAGER_ID, DEPARTMENT_ID)
VALUES
(EMPLOYEES03_SEQ.NEXTVAL, 'Jennifer', 'Whalen', 'JWHALEN', '', TO_DATE('','YYYY-MM-DD'), '', , , , );

INSERT INTO EMPLOYEES03 
(EMPLOYEE_ID, FIRST_NAME, LAST_NAME, EMAIL, PHONE_NUMBER, HIRE_DATE, JOB_ID, SALARY, COMMISSION_PCT, MANAGER_ID, DEPARTMENT_ID)
VALUES
(EMPLOYEES03_SEQ.NEXTVAL, 'Michael', 'Hartstein', 'MHARTSTE', '', TO_DATE('','YYYY-MM-DD'), '', , , , );

INSERT INTO EMPLOYEES03 
(EMPLOYEE_ID, FIRST_NAME, LAST_NAME, EMAIL, PHONE_NUMBER, HIRE_DATE, JOB_ID, SALARY, COMMISSION_PCT, MANAGER_ID, DEPARTMENT_ID)
VALUES
(EMPLOYEES03_SEQ.NEXTVAL, 'Pat', 'Fay', 'PFAY', '', TO_DATE('','YYYY-MM-DD'), '', , , , );


INSERT INTO EMPLOYEES03 
(EMPLOYEE_ID, FIRST_NAME, LAST_NAME, EMAIL, PHONE_NUMBER, HIRE_DATE, JOB_ID, SALARY, COMMISSION_PCT, MANAGER_ID, DEPARTMENT_ID)
VALUES
(EMPLOYEES03_SEQ.NEXTVAL, 'Susan', 'Mavris', 'SMAVRIS', '', TO_DATE('','YYYY-MM-DD'), '', , , , );


INSERT INTO EMPLOYEES03 
(EMPLOYEE_ID, FIRST_NAME, LAST_NAME, EMAIL, PHONE_NUMBER, HIRE_DATE, JOB_ID, SALARY, COMMISSION_PCT, MANAGER_ID, DEPARTMENT_ID)
VALUES
(EMPLOYEES03_SEQ.NEXTVAL, 'Hermann', 'Baer', 'HBAER', '', TO_DATE('','YYYY-MM-DD'), '', , , , );

INSERT INTO EMPLOYEES03 
(EMPLOYEE_ID, FIRST_NAME, LAST_NAME, EMAIL, PHONE_NUMBER, HIRE_DATE, JOB_ID, SALARY, COMMISSION_PCT, MANAGER_ID, DEPARTMENT_ID)
VALUES
(EMPLOYEES03_SEQ.NEXTVAL, 'Shelley', 'Higgins', 'SHIGGINS', '', TO_DATE('','YYYY-MM-DD'), '', , , , );

INSERT INTO EMPLOYEES03 
(EMPLOYEE_ID, FIRST_NAME, LAST_NAME, EMAIL, PHONE_NUMBER, HIRE_DATE, JOB_ID, SALARY, COMMISSION_PCT, MANAGER_ID, DEPARTMENT_ID)
VALUES
(EMPLOYEES03_SEQ.NEXTVAL, 'William', 'Gietz', 'WGIETZ', '', TO_DATE('','YYYY-MM-DD'), '', , , , );

